Título,Autor/a,Género,ISBN
A la izquierda de la escalera,"Halasi, Kun",Juvenil,978-8424158422
Cinco días de agosto,Hester Burton,Juvenil / Ficción histórica,978-8427931398
El gato Mog,Joan Aiken,Infantil / Juvenil,978-8427931145
La otra casa,J. L. Giménez-Frontín,Juvenil,978-8427931558
Zuleika Dobson,Max Beerbohm,Sátira / Clásicos,978-8478446056
Morirás en Chafarinas,Fernando Lalana,Juvenil / Policiaco,978-8467582574
Los escarabajos vuelan al atardecer,Maria Gripe,Juvenil / Misterio,978-8424681029
Los espejos venecianos,Joan Manuel Gisbert,Juvenil / Misterio,978-8426348463
El escritor asesino,Blanca Álvarez,Juvenil / Misterio,978-8426349323
Dónde está mi corazón,Jordi Sierra i Fabra,Juvenil / Drama,978-8424681654
Eva Luna,Isabel Allende,Narrativa,978-8401342196
Los viajes de Gulliver,Jonathan Swift,Clásicos / Sátira,978-8420660608
Viaje al centro de la Tierra,Julio Verne,Clásicos / Aventuras,978-8420664422
El señor de las moscas,William Golding,Narrativa / Clásicos,978-8420674179
El monje que vendió su Ferrari,Robin Sharma,Autoayuda / Crecimiento,978-8466332903
Ética para Amador,Fernando Savater,Ensayo / Filosofía,978-8434412217
Rebelión en la granja,George Orwell,Sátira / Ficción,978-8499890944
El camino,Miguel Delibes,Narrativa / Clásicos,978-8423342709
Diario de una buena vecina,Doris Lessing,Narrativa contemporánea,978-8497939102
El coronel no tiene quien le escriba,Gabriel García Márquez,Narrativa / Clásicos,978-8497592352
Memoria de mis putas tristes,Gabriel García Márquez,Narrativa,978-8497599894
El cartero siempre llama mil veces,Andreu Martín y Jaume Ribera,Novela negra / Humor,978-8420743912
Un viejo que leía novelas de amor,Luis Sepúlveda,Narrativa,978-8483835234
Brumas de octubre,Lola González,Juvenil / Ficción,978-8420448770
El primer amor,Iván Turguénev,Clásicos,978-8420663401
El bosque encantado,Victoria Holt,Novela gótica / Romántica,978-8422616221
El traidor del siglo,John le Carré,Espionaje / Suspense,978-8401328329
Tu pasado me condena,Corín Tellado,Romántica,978-8408018315
Toma mi corazón,Walter Dresel,Autoayuda / Desarrollo,978-8496748446
El secreto,Rhonda Byrne,Autoayuda,978-8479536442
La bodega,Vicente Blasco Ibáñez,Ficción histórica / Clásicos,978-8420663364
La tregua,Mario Benedetti,Narrativa contemporánea,978-8420658933
Cuentos de Navidad,Charles Dickens,Clásicos,978-8491050216
Una pluma con historia,Beatriz Doumerc,Infantil / Juvenil,978-8420712796
Destino prohibido,Xavier Bertran,Narrativa contemporánea,978-8408061489
Joyas robadas,Juan José Plans,Misterio / Policiaco,978-8420738413
El desahucio,Ignacio Aldecoa,Narrativa / Cuentos,978-8420658780
El eunuco del rey,José de Cora,Novela histórica,978-8497343299
La maldición del brujo-leopardo,Heinz Delam,Juvenil / Aventuras,978-8421692226
Pupila de águila,Alfredo Gómez Cerdá,Juvenil,978-8467577785
Don Juan Tenorio,José Zorrilla,Teatro clásico,978-8437604473
Médicos y verdugos de la media luna,Daniel Botta Lobato,Ensayo histórico / Medicina,978-8496416567
Campanas de duelo,Artacho,Narrativa contemporánea,978-8496106673
Bajo la estrella polar,Stef Penney,Thriller histórico / Misterio,978-8498322637
Tierra dividida,Ramón Muñoz,Novela histórica,978-8496778405
La pirámide de barro,Fabio Sorrentino,Misterio / Aventura,978-8496587397
Muerte lenta,Lucía Palermo,Thriller / Policiaco,978-8493630652
La cena secreta,Javier Sierra,Thriller histórico / Misterio,978-8408070962
El judío de Qumrán,Eliette Abécassis,Intriga histórica / Ficción,978-8408031642
Catalina la Grande,Demetrio Nekrasov,Biografía / Historia,978-8497341851
María Antonieta,Edmond de Goncourt,Biografía histórica,978-8496106093
Origen perdido,Matilde Asensi,Aventuras / Intriga,978-8408053675
Inferno,Dan Brown,Thriller y misterio,978-8408114178
Historia universal (Vol. 1),J. M. Roberts,Historia / Ensayo,978-8484328896
Redención,Leon Uris,Ficción histórica,978-8401326417
Coltán,Alberto Vázquez-Figueroa,Thriller contemporáneo,978-8499890470
Incidente en la bahía,Serafín Grijalba,Novela negra / Suspense,978-8496416116
Isabel la Católica: La conquista del poder,Michèle Maurel,Novela histórica / Biografía,978-8497342674
El afgano,Frederick Forsyth,Espionaje / Suspense,978-8401336058
La regata,Manuel Vicent,Narrativa contemporánea,978-8420432328
Berlín: La caída 1945,Antony Beevor,Historia / Segunda Guerra Mundial,978-8484323655
El club Dante,Matthew Pearl,Thriller histórico / Misterio,978-8408052135
El asedio,Arturo Pérez-Reverte,Novela histórica / Intriga,978-8420405629
De Algeciras a Estambul,Francisco Roldán,Crónica de viajes / Narrativa,978-8496416390
"Felipe II: Carlos V, el emperador",Carlos Bourbon-Parma,Biografía / Ensayo histórico,978-8497340892
Falcó,Arturo Pérez-Reverte,Espionaje / Thriller,978-8420419688
Por qué fracasan los países,Daron Acemoglu y James A. Robinson,Ensayo económico / Política,978-8423412662
La comitiva de los embusteros,Karen Maitland,Ficción histórica / Misterio,978-8408088486
Cornelia Gades,Juan Eslava Galán,Novela histórica,978-8408073536
Sabotaje,Arturo Pérez-Reverte,Espionaje / Ficción histórica,978-8420435190
Cincuenta sombras de Grey,E. L. James,Novela erótica / Romance,978-8425348839
Ángeles y demonios,Dan Brown,Thriller / Misterio,978-8408072706
Trilogía de Nueva York,Paul Auster,Narrativa / Policiaco postmoderno,978-8433966575
Latidos,Luz Gabás,Narrativa / Ficción romántica,978-8408216346
Tratamiento mortal,Robin Cook,Thriller médico,978-8497594950
Manipulación,Robin Cook,Thriller médico,978-8497592499
Cortar por lo sano,Rosa Balmaceda Paturzo,Narrativa contemporánea,978-8496416802
El hotel de los horrores,Wilkie Collins,Terror gótico / Misterio,978-8474261899
La confesión de un clérigo anglicano,Wilkie Collins,Clásicos / Ficción,978-8496416048
La noche de la verdad,Mary Higgins Clark,Suspense / Misterio,978-8497597142
Luna de invierno,Dean R. Koontz,Terror / Suspense,978-8401326097
Oclusión y anatomía dental,Enrico Steger,Medicina / Odontología,978-8485257324
Alcanzar la serenidad,John C. Maxwell,Autoayuda / Liderazgo,978-8408064978
¿A ti qué te importa?,Megan Maxwell,Romántica / Erótica,978-8408118398
Los hombres las prefieren rubias,Anita Loos,Humor / Clásicos,978-8497931885
Desde mi cielo,Alice Sebold,Drama / Narrativa,978-8483835012
El caso del último crimen,Peter Lovesey,Policiaco / Novela negra,978-8422619420
Hechizada,Marian Keyes,Romántica / Comedia,978-8401337093
El enigma del cuatro,Ian Caldwell y Dustin Thomason,Thriller histórico / Misterio,978-8401335358
Lo que el día debe a la noche,Yasmina Khadra,Ficción histórica / Drama,978-8423341887
La primera noche,Marc Levy,Aventuras / Misterio,978-8408092476
El tiempo entre costuras,María Dueñas,Novela histórica / Ficción,978-8484607373
Un mundo sin fin,Ken Follett,Ficción histórica,978-8401336560
El código Da Vinci,Dan Brown,Thriller / Misterio,978-8408052944
La hermandad de la sábana santa,Julia Navarro,Thriller histórico / Misterio,978-8401335266
El perro de los Baskerville,Arthur Conan Doyle,Clásicos del misterio,978-8420663432
El factor humano,Graham Greene,Espionaje / Suspense,978-8432217111
El jardín de verano,Paullina Simons,Ficción histórica / Romance,978-8496748460
Fuego cruzado,Paula Hawkins,Thriller / Suspense,978-8408246404