Título,Autor,Género,ISBN,Portada,Estado físico,Estado publicación,Precio
"A la izquierda de la escalera","Halasi, Kun","Juvenil","978-8424158422",https://covers.openlibrary.org/b/isbn/9788424158422-L.jpg,Muy bueno,Listo para publicar,4.90
"Cinco días de agosto","Hester Burton","Juvenil / Ficción histórica","978-8427931398",https://covers.openlibrary.org/b/isbn/9788427931398-L.jpg,Muy bueno,Listo para publicar,4.90
"El gato Mog","Joan Aiken","Infantil / Juvenil","978-8427931145",https://covers.openlibrary.org/b/isbn/9788427931145-L.jpg,Muy bueno,Listo para publicar,4.90
"La otra casa","J. L. Giménez-Frontín","Juvenil","978-8427931558",https://covers.openlibrary.org/b/isbn/9788427931558-L.jpg,Muy bueno,Listo para publicar,4.90
"Zuleika Dobson","Max Beerbohm","Sátira / Clásicos","978-8478446056",https://covers.openlibrary.org/b/isbn/9788478446056-L.jpg,Muy bueno,Listo para publicar,5.50
"Morirás en Chafarinas","Fernando Lalana","Juvenil / Policiaco","978-8467582574",https://covers.openlibrary.org/b/isbn/9788467582574-L.jpg,Muy bueno,Listo para publicar,4.90
"Los escarabajos vuelan al atardecer","Maria Gripe","Juvenil / Misterio","978-8424681029",https://covers.openlibrary.org/b/isbn/9788424681029-L.jpg,Muy bueno,Listo para publicar,4.90
"Los espejos venecianos","Joan Manuel Gisbert","Juvenil / Misterio","978-8426348463",https://covers.openlibrary.org/b/isbn/9788426348463-L.jpg,Muy bueno,Listo para publicar,4.90
"El escritor asesino","Blanca Álvarez","Juvenil / Misterio","978-8426349323",https://covers.openlibrary.org/b/isbn/9788426349323-L.jpg,Muy bueno,Listo para publicar,4.90
"Dónde está mi corazón","Jordi Sierra i Fabra","Juvenil / Drama","978-8424681654",https://covers.openlibrary.org/b/isbn/9788424681654-L.jpg,Muy bueno,Listo para publicar,4.90
"Eva Luna","Isabel Allende","Narrativa","978-8401342196",https://covers.openlibrary.org/b/isbn/9788401342196-L.jpg,Muy bueno,Listo para publicar,5.90
"Los viajes de Gulliver","Jonathan Swift","Clásicos / Sátira","978-8420660608",https://covers.openlibrary.org/b/isbn/9788420660608-L.jpg,Muy bueno,Listo para publicar,5.50
"Viaje al centro de la Tierra","Julio Verne","Clásicos / Aventuras","978-8420664422",https://covers.openlibrary.org/b/isbn/9788420664422-L.jpg,Muy bueno,Listo para publicar,5.50
"El señor de las moscas","William Golding","Narrativa / Clásicos","978-8420674179",https://covers.openlibrary.org/b/isbn/9788420674179-L.jpg,Muy bueno,Listo para publicar,5.50
"El monje que vendió su Ferrari","Robin Sharma","Autoayuda / Crecimiento","978-8466332903",https://covers.openlibrary.org/b/isbn/9788466332903-L.jpg,Muy bueno,Listo para publicar,5.50
"Ética para Amador","Fernando Savater","Ensayo / Filosofía","978-8434412217",https://covers.openlibrary.org/b/isbn/9788434412217-L.jpg,Muy bueno,Listo para publicar,7.50
"Rebelión en la granja","George Orwell","Sátira / Ficción","978-8499890944",https://covers.openlibrary.org/b/isbn/9788499890944-L.jpg,Muy bueno,Listo para publicar,5.50
"El camino","Miguel Delibes","Narrativa / Clásicos","978-8423342709",https://covers.openlibrary.org/b/isbn/9788423342709-L.jpg,Muy bueno,Listo para publicar,5.50
"Diario de una buena vecina","Doris Lessing","Narrativa contemporánea","978-8497939102",https://covers.openlibrary.org/b/isbn/9788497939102-L.jpg,Muy bueno,Listo para publicar,5.90
"El coronel no tiene quien le escriba","Gabriel García Márquez","Narrativa / Clásicos","978-8497592352",https://covers.openlibrary.org/b/isbn/9788497592352-L.jpg,Muy bueno,Listo para publicar,5.50
"Memoria de mis putas tristes","Gabriel García Márquez","Narrativa","978-8497599894",https://covers.openlibrary.org/b/isbn/9788497599894-L.jpg,Muy bueno,Listo para publicar,5.50
"El cartero siempre llama mil veces","Andreu Martín y Jaume Ribera","Novela negra / Humor","978-8420743912",https://covers.openlibrary.org/b/isbn/9788420743912-L.jpg,Muy bueno,Listo para publicar,5.90
"Un viejo que leía novelas de amor","Luis Sepúlveda","Narrativa","978-8483835234",https://covers.openlibrary.org/b/isbn/9788483835234-L.jpg,Muy bueno,Listo para publicar,5.90
"Brumas de octubre","Lola González","Juvenil / Ficción","978-8420448770",https://covers.openlibrary.org/b/isbn/9788420448770-L.jpg,Muy bueno,Listo para publicar,4.90
"El primer amor","Iván Turguénev","Clásicos","978-8420663401",https://covers.openlibrary.org/b/isbn/9788420663401-L.jpg,Muy bueno,Listo para publicar,5.50
"El bosque encantado","Victoria Holt","Novela gótica / Romántica","978-8422616221",https://covers.openlibrary.org/b/isbn/9788422616221-L.jpg,Muy bueno,Listo para publicar,5.50
"El traidor del siglo","John le Carré","Espionaje / Suspense","978-8401328329",https://covers.openlibrary.org/b/isbn/9788401328329-L.jpg,Muy bueno,Listo para publicar,6.50
"Tu pasado me condena","Corín Tellado","Romántica","978-8408018315",https://covers.openlibrary.org/b/isbn/9788408018315-L.jpg,Muy bueno,Listo para publicar,5.50
"Toma mi corazón","Walter Dresel","Autoayuda / Desarrollo","978-8496748446",https://covers.openlibrary.org/b/isbn/9788496748446-L.jpg,Muy bueno,Listo para publicar,5.50
"El secreto","Rhonda Byrne","Autoayuda","978-8479536442",https://covers.openlibrary.org/b/isbn/9788479536442-L.jpg,Muy bueno,Listo para publicar,5.50
"La bodega","Vicente Blasco Ibáñez","Ficción histórica / Clásicos","978-8420663364",https://covers.openlibrary.org/b/isbn/9788420663364-L.jpg,Muy bueno,Listo para publicar,5.50
"La tregua","Mario Benedetti","Narrativa contemporánea","978-8420658933",https://covers.openlibrary.org/b/isbn/9788420658933-L.jpg,Muy bueno,Listo para publicar,5.50
"Cuentos de Navidad","Charles Dickens","Clásicos","978-8491050216",https://covers.openlibrary.org/b/isbn/9788491050216-L.jpg,Muy bueno,Listo para publicar,5.50
"Una pluma con historia","Beatriz Doumerc","Infantil / Juvenil","978-8420712796",https://covers.openlibrary.org/b/isbn/9788420712796-L.jpg,Muy bueno,Listo para publicar,4.90
"Destino prohibido","Xavier Bertran","Narrativa contemporánea","978-8408061489",https://covers.openlibrary.org/b/isbn/9788408061489-L.jpg,Muy bueno,Listo para publicar,5.90
"Joyas robadas","Juan José Plans","Misterio / Policiaco","978-8420738413",https://covers.openlibrary.org/b/isbn/9788420738413-L.jpg,Muy bueno,Listo para publicar,6.50
"El desahucio","Ignacio Aldecoa","Narrativa / Cuentos","978-8420658780",https://covers.openlibrary.org/b/isbn/9788420658780-L.jpg,Muy bueno,Listo para publicar,5.90
"El eunuco del rey","José de Cora","Novela histórica","978-8497343299",https://covers.openlibrary.org/b/isbn/9788497343299-L.jpg,Muy bueno,Listo para publicar,6.50
"La maldición del brujo-leopardo","Heinz Delam","Juvenil / Aventuras","978-8421692226",https://covers.openlibrary.org/b/isbn/9788421692226-L.jpg,Muy bueno,Listo para publicar,4.90
"Pupila de águila","Alfredo Gómez Cerdá","Juvenil","978-8467577785",https://covers.openlibrary.org/b/isbn/9788467577785-L.jpg,Muy bueno,Listo para publicar,4.90
"Don Juan Tenorio","José Zorrilla","Teatro clásico","978-8437604473",https://covers.openlibrary.org/b/isbn/9788437604473-L.jpg,Muy bueno,Listo para publicar,5.50
"Médicos y verdugos de la media luna","Daniel Botta Lobato","Ensayo histórico / Medicina","978-8496416567",https://covers.openlibrary.org/b/isbn/9788496416567-L.jpg,Muy bueno,Listo para publicar,22.00
"Campanas de duelo","Artacho","Narrativa contemporánea","978-8496106673",https://covers.openlibrary.org/b/isbn/9788496106673-L.jpg,Muy bueno,Listo para publicar,5.90
"Bajo la estrella polar","Stef Penney","Thriller histórico / Misterio","978-8498322637",https://covers.openlibrary.org/b/isbn/9788498322637-L.jpg,Muy bueno,Listo para publicar,6.50
"Tierra dividida","Ramón Muñoz","Novela histórica","978-8496778405",https://covers.openlibrary.org/b/isbn/9788496778405-L.jpg,Muy bueno,Listo para publicar,6.50
"La pirámide de barro","Fabio Sorrentino","Misterio / Aventura","978-8496587397",https://covers.openlibrary.org/b/isbn/9788496587397-L.jpg,Muy bueno,Listo para publicar,6.50
"Muerte lenta","Lucía Palermo","Thriller / Policiaco","978-8493630652",https://covers.openlibrary.org/b/isbn/9788493630652-L.jpg,Muy bueno,Listo para publicar,6.50
"La cena secreta","Javier Sierra","Thriller histórico / Misterio","978-8408070962",https://covers.openlibrary.org/b/isbn/9788408070962-L.jpg,Muy bueno,Listo para publicar,6.50
"El judío de Qumrán","Eliette Abécassis","Intriga histórica / Ficción","978-8408031642",https://covers.openlibrary.org/b/isbn/9788408031642-L.jpg,Muy bueno,Listo para publicar,6.50
"Catalina la Grande","Demetrio Nekrasov","Biografía / Historia","978-8497341851",https://covers.openlibrary.org/b/isbn/9788497341851-L.jpg,Muy bueno,Listo para publicar,7.50
"María Antonieta","Edmond de Goncourt","Biografía histórica","978-8496106093",https://covers.openlibrary.org/b/isbn/9788496106093-L.jpg,Muy bueno,Listo para publicar,7.50
"Origen perdido","Matilde Asensi","Aventuras / Intriga","978-8408053675",https://covers.openlibrary.org/b/isbn/9788408053675-L.jpg,Muy bueno,Listo para publicar,5.90
"Inferno","Dan Brown","Thriller y misterio","978-8408114178",https://covers.openlibrary.org/b/isbn/9788408114178-L.jpg,Muy bueno,Listo para publicar,4.90
"Historia universal (Vol. 1)","J. M. Roberts","Historia / Ensayo","978-8484328896",https://covers.openlibrary.org/b/isbn/9788484328896-L.jpg,Muy bueno,Listo para publicar,9.50
"Redención","Leon Uris","Ficción histórica","978-8401326417",https://covers.openlibrary.org/b/isbn/9788401326417-L.jpg,Muy bueno,Listo para publicar,6.50
"Coltán","Alberto Vázquez-Figueroa","Thriller contemporáneo","978-8499890470",https://covers.openlibrary.org/b/isbn/9788499890470-L.jpg,Muy bueno,Listo para publicar,6.50
"Incidente en la bahía","Serafín Grijalba","Novela negra / Suspense","978-8496416116",https://covers.openlibrary.org/b/isbn/9788496416116-L.jpg,Muy bueno,Listo para publicar,6.50
"Isabel la Católica: La conquista del poder","Michèle Maurel","Novela histórica / Biografía","978-8497342674",https://covers.openlibrary.org/b/isbn/9788497342674-L.jpg,Muy bueno,Listo para publicar,7.50
"El afgano","Frederick Forsyth","Espionaje / Suspense","978-8401336058",https://covers.openlibrary.org/b/isbn/9788401336058-L.jpg,Muy bueno,Listo para publicar,6.50
"La regata","Manuel Vicent","Narrativa contemporánea","978-8420432328",https://covers.openlibrary.org/b/isbn/9788420432328-L.jpg,Muy bueno,Listo para publicar,5.90
"Berlín: La caída 1945","Antony Beevor","Historia / Segunda Guerra Mundial","978-8484323655",https://covers.openlibrary.org/b/isbn/9788484323655-L.jpg,Muy bueno,Listo para publicar,11.00
"El club Dante","Matthew Pearl","Thriller histórico / Misterio","978-8408052135",https://covers.openlibrary.org/b/isbn/9788408052135-L.jpg,Muy bueno,Listo para publicar,6.50
"El asedio","Arturo Pérez-Reverte","Novela histórica / Intriga","978-8420405629",https://covers.openlibrary.org/b/isbn/9788420405629-L.jpg,Muy bueno,Listo para publicar,7.90
"De Algeciras a Estambul","Francisco Roldán","Crónica de viajes / Narrativa","978-8496416390",https://covers.openlibrary.org/b/isbn/9788496416390-L.jpg,Muy bueno,Listo para publicar,5.90
"Felipe II: Carlos V, el emperador","Carlos Bourbon-Parma","Biografía / Ensayo histórico","978-8497340892",https://covers.openlibrary.org/b/isbn/9788497340892-L.jpg,Muy bueno,Listo para publicar,9.50
"Falcó","Arturo Pérez-Reverte","Espionaje / Thriller","978-8420419688",https://covers.openlibrary.org/b/isbn/9788420419688-L.jpg,Muy bueno,Listo para publicar,7.50
"Por qué fracasan los países","Daron Acemoglu y James A. Robinson","Ensayo económico / Política","978-8423412662",https://covers.openlibrary.org/b/isbn/9788423412662-L.jpg,Muy bueno,Listo para publicar,11.50
"La comitiva de los embusteros","Karen Maitland","Ficción histórica / Misterio","978-8408088486",https://covers.openlibrary.org/b/isbn/9788408088486-L.jpg,Muy bueno,Listo para publicar,6.50
"Cornelia Gades","Juan Eslava Galán","Novela histórica","978-8408073536",https://covers.openlibrary.org/b/isbn/9788408073536-L.jpg,Muy bueno,Listo para publicar,6.50
"Sabotaje","Arturo Pérez-Reverte","Espionaje / Ficción histórica","978-8420435190",https://covers.openlibrary.org/b/isbn/9788420435190-L.jpg,Muy bueno,Listo para publicar,7.50
"Cincuenta sombras de Grey","E. L. James","Novela erótica / Romance","978-8425348839",https://covers.openlibrary.org/b/isbn/9788425348839-L.jpg,Muy bueno,Listo para publicar,4.50
"Ángeles y demonios","Dan Brown","Thriller / Misterio","978-8408072706",https://covers.openlibrary.org/b/isbn/9788408072706-L.jpg,Muy bueno,Listo para publicar,4.90
"Trilogía de Nueva York","Paul Auster","Narrativa / Policiaco postmoderno","978-8433966575",https://covers.openlibrary.org/b/isbn/9788433966575-L.jpg,Muy bueno,Listo para publicar,6.50
"Latidos","Luz Gabás","Narrativa / Ficción romántica","978-8408216346",https://covers.openlibrary.org/b/isbn/9788408216346-L.jpg,Muy bueno,Listo para publicar,7.50
"Tratamiento mortal","Robin Cook","Thriller médico","978-8497594950",https://covers.openlibrary.org/b/isbn/9788497594950-L.jpg,Muy bueno,Listo para publicar,6.50
"Manipulación","Robin Cook","Thriller médico","978-8497592499",https://covers.openlibrary.org/b/isbn/9788497592499-L.jpg,Muy bueno,Listo para publicar,6.50
"Cortar por lo sano","Rosa Balmaceda Paturzo","Narrativa contemporánea","978-8496416802",https://covers.openlibrary.org/b/isbn/9788496416802-L.jpg,Muy bueno,Listo para publicar,5.90
"El hotel de los horrores","Wilkie Collins","Terror gótico / Misterio","978-8474261899",https://covers.openlibrary.org/b/isbn/9788474261899-L.jpg,Muy bueno,Listo para publicar,6.50
"La confesión de un clérigo anglicano","Wilkie Collins","Clásicos / Ficción","978-8496416048",https://covers.openlibrary.org/b/isbn/9788496416048-L.jpg,Muy bueno,Listo para publicar,5.50
"La noche de la verdad","Mary Higgins Clark","Suspense / Misterio","978-8497597142",https://covers.openlibrary.org/b/isbn/9788497597142-L.jpg,Muy bueno,Listo para publicar,6.50
"Luna de invierno","Dean R. Koontz","Terror / Suspense","978-8401326097",https://covers.openlibrary.org/b/isbn/9788401326097-L.jpg,Muy bueno,Listo para publicar,6.50
"Oclusión y anatomía dental","Enrico Steger","Medicina / Odontología","978-8485257324",https://covers.openlibrary.org/b/isbn/9788485257324-L.jpg,Muy bueno,Listo para publicar,22.00
"Alcanzar la serenidad","John C. Maxwell","Autoayuda / Liderazgo","978-8408064978",https://covers.openlibrary.org/b/isbn/9788408064978-L.jpg,Muy bueno,Listo para publicar,5.50
"¿A ti qué te importa?","Megan Maxwell","Romántica / Erótica","978-8408118398",https://covers.openlibrary.org/b/isbn/9788408118398-L.jpg,Muy bueno,Listo para publicar,5.50
"Los hombres las prefieren rubias","Anita Loos","Humor / Clásicos","978-8497931885",https://covers.openlibrary.org/b/isbn/9788497931885-L.jpg,Muy bueno,Listo para publicar,5.50
"Desde mi cielo","Alice Sebold","Drama / Narrativa","978-8483835012",https://covers.openlibrary.org/b/isbn/9788483835012-L.jpg,Muy bueno,Listo para publicar,5.90
"El caso del último crimen","Peter Lovesey","Policiaco / Novela negra","978-8422619420",https://covers.openlibrary.org/b/isbn/9788422619420-L.jpg,Muy bueno,Listo para publicar,6.50
"Hechizada","Marian Keyes","Romántica / Comedia","978-8401337093",https://covers.openlibrary.org/b/isbn/9788401337093-L.jpg,Muy bueno,Listo para publicar,5.50
"El enigma del cuatro","Ian Caldwell y Dustin Thomason","Thriller histórico / Misterio","978-8401335358",https://covers.openlibrary.org/b/isbn/9788401335358-L.jpg,Muy bueno,Listo para publicar,6.50
"Lo que el día debe a la noche","Yasmina Khadra","Ficción histórica / Drama","978-8423341887",https://covers.openlibrary.org/b/isbn/9788423341887-L.jpg,Muy bueno,Listo para publicar,6.50
"La primera noche","Marc Levy","Aventuras / Misterio","978-8408092476",https://covers.openlibrary.org/b/isbn/9788408092476-L.jpg,Muy bueno,Listo para publicar,6.50
"El tiempo entre costuras","María Dueñas","Novela histórica / Ficción","978-8484607373",https://covers.openlibrary.org/b/isbn/9788484607373-L.jpg,Muy bueno,Listo para publicar,7.50
"Un mundo sin fin","Ken Follett","Ficción histórica","978-8401336560",https://covers.openlibrary.org/b/isbn/9788401336560-L.jpg,Muy bueno,Listo para publicar,8.50
"El código Da Vinci","Dan Brown","Thriller / Misterio","978-8408052944",https://covers.openlibrary.org/b/isbn/9788408052944-L.jpg,Muy bueno,Listo para publicar,4.90
"La hermandad de la sábana santa","Julia Navarro","Thriller histórico / Misterio","978-8401335266",https://covers.openlibrary.org/b/isbn/9788401335266-L.jpg,Muy bueno,Listo para publicar,6.50
"El perro de los Baskerville","Arthur Conan Doyle","Clásicos del misterio","978-8420663432",https://covers.openlibrary.org/b/isbn/9788420663432-L.jpg,Muy bueno,Listo para publicar,5.50
"El factor humano","Graham Greene","Espionaje / Suspense","978-8432217111",https://covers.openlibrary.org/b/isbn/9788432217111-L.jpg,Muy bueno,Listo para publicar,6.50
"El jardín de verano","Paullina Simons","Ficción histórica / Romance","978-8496748460",https://covers.openlibrary.org/b/isbn/9788496748460-L.jpg,Muy bueno,Listo para publicar,6.50
"Fuego cruzado","Paula Hawkins","Thriller / Suspense","978-8408246404",https://covers.openlibrary.org/b/isbn/9788408246404-L.jpg,Muy bueno,Listo para publicar,7.50